Store,Report Date,End of Day Deposit,Actual Deposit,Deposit Over/(Short),Date Deposit Made,End of Day Credit Cards,Actual Credit Cards,Over/(Short) Credit Cards,VOID Credits,Payout To/(From),Payout Check,Scanning Violation Fees,Deposit Violation Fees,A/R Violation Fees,Violation Fees Total,Comments,Email,Email 2,Email 3,Email 4,Email 5,Email 6,Email_Store,Month Number,Report Month
CA001,25-Jul-18,"4,827.25",0.00,,,470.60,0.00,,0.00,,0.00,0.00,0.00,0.00,,,fiestaca001@fiestainsurance.com,fiestaca001@fiestainsurance.com,acc@fiestainsurance.com,acc_ca@fiestainsurance.com,mfaulkner@fiestainsurance.com,mfaulkner@fiestainsurance.com,fiestaCA001@fiestainsurance.com,7
CA002,25-Jul-18,"3,066.88",0.00,,,518.00,0.00,,0.00,,0.00,0.00,0.00,0.00,,,fiestaca002@fiestainsurance.com,fiestaca006@fiestainsurance.com,acc@fiestainsurance.com,acc_ca@fiestainsurance.com,mfaulkner@fiestainsurance.com,mfaulkner@fiestainsurance.com,fiestaCA002@fiestainsurance.com,7
CA003,25-Jul-18,"1,469.61",0.00,,,303.38,0.00,,0.00,,0.00,0.00,0.00,0.00,,,fiestaca003@fiestainsurance.com,fiestaca003@fiestainsurance.com,acc@fiestainsurance.com,acc_ca@fiestainsurance.com,mfaulkner@fiestainsurance.com,mfaulkner@fiestainsurance.com,fiestaCA003@fiestainsurance.com,7
CA004,25-Jul-18,"3,234.89",0.00,,,200.00,0.00,,0.00,,0.00,0.00,0.00,0.00,,,fiestaca004@fiestainsurance.com,fiestaca004@fiestainsurance.com,acc@fiestainsurance.com,acc_ca@fiestainsurance.com,mfaulkner@fiestainsurance.com,mfaulkner@fiestainsurance.com,fiestaCA004@fiestainsurance.com,7
CA005,25-Jul-18,512.08,0.00,,,383.00,0.00,,0.00,,0.00,0.00,0.00,0.00,,,fiestaca004@fiestainsurance.com,fiestaca004@fiestainsurance.com,acc@fiestainsurance.com,acc_ca@fiestainsurance.com,mfaulkner@fiestainsurance.com,mfaulkner@fiestainsurance.com,fiestaCA005@fiestainsurance.com,7
CA006,25-Jul-18,"4,485.62",0.00,,,"1,601.00",0.00,,0.00,,0.00,0.00,0.00,0.00,,,fiestaca002@fiestainsurance.com,fiestaca006@fiestainsurance.com,acc@fiestainsurance.com,acc_ca@fiestainsurance.com,mfaulkner@fiestainsurance.com,mfaulkner@fiestainsurance.com,fiestaCA006@fiestainsurance.com,7
CA007,25-Jul-18,"1,412.38",0.00,,,0.00,0.00,,0.00,,0.00,0.00,0.00,0.00,,,fiestaca007@fiestainsurance.com,fiestaca015@fiestainsurance.com,acc@fiestainsurance.com,acc_ca@fiestainsurance.com,mfaulkner@fiestainsurance.com,mfaulkner@fiestainsurance.com,fiestaCA007@fiestainsurance.com,7
CA008,25-Jul-18,734.38,0.00,,,315.61,0.00,,0.00,,0.00,0.00,0.00,0.00,,,fiestaca003@fiestainsurance.com,fiestaca003@fiestainsurance.com,acc@fiestainsurance.com,acc_ca@fiestainsurance.com,mfaulkner@fiestainsurance.com,mfaulkner@fiestainsurance.com,fiestaCA008@fiestainsurance.com,7
CA009,25-Jul-18,"1,812.92",0.00,,,0.00,0.00,,0.00,,0.00,0.00,0.00,0.00,,,fiestaca009@fiestainsurance.com,fiestaca009@fiestainsurance.com,acc@fiestainsurance.com,acc_ca@fiestainsurance.com,mfaulkner@fiestainsurance.com,mfaulkner@fiestainsurance.com,fiestaCA009@fiestainsurance.com,7
CA010,25-Jul-18,944.98,0.00,,,320.00,0.00,,0.00,,0.00,0.00,0.00,0.00,,,fiestaca011@fiestainsurance.com,fiestaca011@fiestainsurance.com,acc@fiestainsurance.com,acc_ca@fiestainsurance.com,mfaulkner@fiestainsurance.com,mfaulkner@fiestainsurance.com,fiestaCA010@fiestainsurance.com,7
CA011,25-Jul-18,"2,279.07",0.00,,,295.00,0.00,,0.00,,0.00,0.00,0.00,0.00,,,fiestaca011@fiestainsurance.com,fiestaca011@fiestainsurance.com,acc@fiestainsurance.com,acc_ca@fiestainsurance.com,mfaulkner@fiestainsurance.com,mfaulkner@fiestainsurance.com,fiestaCA011@fiestainsurance.com,7
CA012,25-Jul-18,"8,698.89",0.00,,,"1,295.37",0.00,,0.00,,0.00,0.00,0.00,0.00,,,fiestaca011@fiestainsurance.com,fiestaca011@fiestainsurance.com,acc@fiestainsurance.com,acc_ca@fiestainsurance.com,mfaulkner@fiestainsurance.com,mfaulkner@fiestainsurance.com,fiestaCA012@fiestainsurance.com,7
CA013,25-Jul-18,"1,277.08",0.00,,,647.01,0.00,,0.00,,0.00,0.00,0.00,0.00,,,fiestaca013@fiestainsurance.com,fiestaca013@fiestainsurance.com,acc@fiestainsurance.com,acc_ca@fiestainsurance.com,mfaulkner@fiestainsurance.com,mfaulkner@fiestainsurance.com,fiestaCA013@fiestainsurance.com,7
CA015,25-Jul-18,"1,502.51",0.00,,,"1,728.00",0.00,,0.00,,0.00,0.00,0.00,0.00,,,fiestaca007@fiestainsurance.com,fiestaca015@fiestainsurance.com,acc@fiestainsurance.com,acc_ca@fiestainsurance.com,mfaulkner@fiestainsurance.com,mfaulkner@fiestainsurance.com,fiestaCA015@fiestainsurance.com,7
CA016,25-Jul-18,"2,690.67",0.00,,,55.00,0.00,,0.00,,0.00,0.00,0.00,0.00,,,fiestaca011@fiestainsurance.com,fiestaca011@fiestainsurance.com,acc@fiestainsurance.com,acc_ca@fiestainsurance.com,mfaulkner@fiestainsurance.com,mfaulkner@fiestainsurance.com,fiestaCA016@fiestainsurance.com,7
CA019,25-Jul-18,814.00,0.00,,,196.00,0.00,,0.00,,0.00,0.00,0.00,0.00,,,fiestaca004@fiestainsurance.com,fiestaca004@fiestainsurance.com,acc@fiestainsurance.com,acc_ca@fiestainsurance.com,mfaulkner@fiestainsurance.com,mfaulkner@fiestainsurance.com,fiestaCA019@fiestainsurance.com,7
CA020,25-Jul-18,374.48,0.00,,,494.69,0.00,,0.00,,0.00,0.00,0.00,0.00,,,fiestaca004@fiestainsurance.com,fiestaca004@fiestainsurance.com,acc@fiestainsurance.com,acc_ca@fiestainsurance.com,mfaulkner@fiestainsurance.com,mfaulkner@fiestainsurance.com,fiestaCA020@fiestainsurance.com,7
CA022,25-Jul-18,"1,949.31",0.00,,,0.00,0.00,,0.00,,0.00,0.00,0.00,0.00,,,fiestaca011@fiestainsurance.com,fiestaca011@fiestainsurance.com,acc@fiestainsurance.com,acc_ca@fiestainsurance.com,mfaulkner@fiestainsurance.com,mfaulkner@fiestainsurance.com,fiestaCA022@fiestainsurance.com,7
CA023,25-Jul-18,"2,828.28",0.00,,,"1,435.94",0.00,,0.00,,0.00,0.00,0.00,0.00,,,fiestaca023@fiestainsurance.com,fiestaca026@fiestainsurance.com,acc@fiestainsurance.com,acc_ca@fiestainsurance.com,mfaulkner@fiestainsurance.com,mfaulkner@fiestainsurance.com,fiestaCA023@fiestainsurance.com,7
CA024,25-Jul-18,"1,686.81",0.00,,,64.00,0.00,,0.00,,0.00,0.00,0.00,0.00,,,fiestaca023@fiestainsurance.com,fiestaca026@fiestainsurance.com,acc@fiestainsurance.com,acc_ca@fiestainsurance.com,mfaulkner@fiestainsurance.com,mfaulkner@fiestainsurance.com,fiestaCA024@fiestainsurance.com,7
CA025,25-Jul-18,188.06,0.00,,,395.00,0.00,,0.00,,0.00,0.00,0.00,0.00,,,fiestaca030@fiestainsurance.com,fiestaca030@fiestainsurance.com,acc@fiestainsurance.com,acc_ca@fiestainsurance.com,mfaulkner@fiestainsurance.com,mfaulkner@fiestainsurance.com,fiestaCA025@fiestainsurance.com,7
CA026,25-Jul-18,"3,268.92",0.00,,,498.00,0.00,,0.00,,0.00,0.00,0.00,0.00,,,fiestaca023@fiestainsurance.com,fiestaca026@fiestainsurance.com,acc@fiestainsurance.com,acc_ca@fiestainsurance.com,mfaulkner@fiestainsurance.com,mfaulkner@fiestainsurance.com,fiestaCA026@fiestainsurance.com,7
CA027,25-Jul-18,"1,648.45",0.00,,,"1,052.82",0.00,,0.00,,0.00,0.00,0.00,0.00,,,fiestaca027@fiestainsurance.com,fiestaca027@fiestainsurance.com,acc@fiestainsurance.com,acc_ca@fiestainsurance.com,mfaulkner@fiestainsurance.com,mfaulkner@fiestainsurance.com,fiestaCA027@fiestainsurance.com,7
CA028,25-Jul-18,467.82,0.00,,,"1,036.00",0.00,,0.00,,0.00,0.00,0.00,0.00,,,fiestaca014@fiestainsurance.com,fiestaca014@fiestainsurance.com,acc@fiestainsurance.com,acc_ca@fiestainsurance.com,mfaulkner@fiestainsurance.com,mfaulkner@fiestainsurance.com,fiestaCA028@fiestainsurance.com,7
CA030,25-Jul-18,"4,643.43",0.00,,,346.83,0.00,,0.00,,0.00,0.00,0.00,0.00,,,fiestaca030@fiestainsurance.com,fiestaca030@fiestainsurance.com,acc@fiestainsurance.com,acc_ca@fiestainsurance.com,mfaulkner@fiestainsurance.com,mfaulkner@fiestainsurance.com,fiestaCA030@fiestainsurance.com,7
CA031,25-Jul-18,"4,794.25",0.00,,,0.00,0.00,,0.00,,0.00,0.00,0.00,0.00,,,fiestaca031@fiestainsurance.com,fiestaca031@fiestainsurance.com,acc@fiestainsurance.com,acc_ca@fiestainsurance.com,mfaulkner@fiestainsurance.com,mfaulkner@fiestainsurance.com,fiestaCA031@fiestainsurance.com,7
CA032,25-Jul-18,"2,690.93",0.00,,,"1,376.00",0.00,,0.00,,0.00,0.00,0.00,0.00,,,fiestaca023@fiestainsurance.com,fiestaca026@fiestainsurance.com,acc@fiestainsurance.com,acc_ca@fiestainsurance.com,mfaulkner@fiestainsurance.com,mfaulkner@fiestainsurance.com,fiestaCA032@fiestainsurance.com,7
CA033,25-Jul-18,"4,794.02",0.00,,,299.00,0.00,,0.00,,0.00,0.00,0.00,0.00,,,fiestaca023@fiestainsurance.com,fiestaca026@fiestainsurance.com,acc@fiestainsurance.com,acc_ca@fiestainsurance.com,mfaulkner@fiestainsurance.com,mfaulkner@fiestainsurance.com,fiestaCA033@fiestainsurance.com,7
CA034,25-Jul-18,"1,502.36",0.00,,,0.00,0.00,,0.00,,0.00,0.00,0.00,0.00,,,fiestaca034@fiestainsurance.com,fiestaca034@fiestainsurance.com,acc@fiestainsurance.com,acc_ca@fiestainsurance.com,mfaulkner@fiestainsurance.com,mfaulkner@fiestainsurance.com,fiestaCA034@fiestainsurance.com,7
CA035,25-Jul-18,"1,572.11",0.00,,,132.00,0.00,,0.00,,0.00,0.00,0.00,0.00,,,fiestaca035@fiestainsurance.com,fiestaca035@fiestainsurance.com,acc@fiestainsurance.com,acc_ca@fiestainsurance.com,mfaulkner@fiestainsurance.com,mfaulkner@fiestainsurance.com,fiestaCA035@fiestainsurance.com,7
CA036,25-Jul-18,"2,253.33",0.00,,,0.00,0.00,,0.00,,0.00,0.00,0.00,0.00,,,fiestaca023@fiestainsurance.com,fiestaca026@fiestainsurance.com,acc@fiestainsurance.com,acc_ca@fiestainsurance.com,mfaulkner@fiestainsurance.com,mfaulkner@fiestainsurance.com,fiestaCA036@fiestainsurance.com,7
CA037,25-Jul-18,"1,621.95",0.00,,,"1,022.00",0.00,,0.00,,0.00,0.00,0.00,0.00,,,fiestaca023@fiestainsurance.com,fiestaca026@fiestainsurance.com,acc@fiestainsurance.com,acc_ca@fiestainsurance.com,mfaulkner@fiestainsurance.com,mfaulkner@fiestainsurance.com,fiestaCA037@fiestainsurance.com,7
CA038,25-Jul-18,"1,125.26",0.00,,,"2,784.00",0.00,,0.00,,0.00,0.00,0.00,0.00,,,fiestaca023@fiestainsurance.com,fiestaca026@fiestainsurance.com,acc@fiestainsurance.com,acc_ca@fiestainsurance.com,mfaulkner@fiestainsurance.com,mfaulkner@fiestainsurance.com,fiestaCA038@fiestainsurance.com,7
CA039,25-Jul-18,14.62,0.00,,,"1,257.00",0.00,,0.00,,0.00,0.00,0.00,0.00,,,fiestaca002@fiestainsurance.com,fiestaca006@fiestainsurance.com,acc@fiestainsurance.com,acc_ca@fiestainsurance.com,mfaulkner@fiestainsurance.com,mfaulkner@fiestainsurance.com,fiestaCA039@fiestainsurance.com,7
CA040,25-Jul-18,723.51,0.00,,,396.00,0.00,,0.00,,0.00,0.00,0.00,0.00,,,fiestaca082@fiestainsurance.com,fiestaca082@fiestainsurance.com,acc@fiestainsurance.com,acc_ca@fiestainsurance.com,mfaulkner@fiestainsurance.com,mfaulkner@fiestainsurance.com,fiestaCA040@fiestainsurance.com,7
CA041,25-Jul-18,"2,206.31",0.00,,,675.00,0.00,,0.00,,0.00,0.00,0.00,0.00,,,fiestaca041@fiestainsurance.com,fiestaca041@fiestainsurance.com,acc@fiestainsurance.com,acc_ca@fiestainsurance.com,mfaulkner@fiestainsurance.com,mfaulkner@fiestainsurance.com,fiestaCA041@fiestainsurance.com,7
CA042,25-Jul-18,"2,053.02",0.00,,,245.25,0.00,,0.00,,0.00,0.00,0.00,0.00,,,fiestaca099@fiestainsurance.com,fiestaca099@fiestainsurance.com,acc@fiestainsurance.com,acc_ca@fiestainsurance.com,mfaulkner@fiestainsurance.com,mfaulkner@fiestainsurance.com,fiestaCA042@fiestainsurance.com,7
CA043,25-Jul-18,"3,492.19",0.00,,,40.00,0.00,,0.00,,0.00,0.00,0.00,0.00,,,fiestaca042@fiestainsurance.com,fiestaca042@fiestainsurance.com,acc@fiestainsurance.com,acc_ca@fiestainsurance.com,mfaulkner@fiestainsurance.com,mfaulkner@fiestainsurance.com,fiestaCA043@fiestainsurance.com,7
CA044,25-Jul-18,"1,594.15",0.00,,,0.00,0.00,,0.00,,0.00,0.00,0.00,0.00,,,fiestaca042@fiestainsurance.com,fiestaca042@fiestainsurance.com,acc@fiestainsurance.com,acc_ca@fiestainsurance.com,mfaulkner@fiestainsurance.com,mfaulkner@fiestainsurance.com,fiestaCA044@fiestainsurance.com,7
CA045,25-Jul-18,"1,855.55",0.00,,,814.92,0.00,,0.00,,0.00,0.00,0.00,0.00,,,fiestaca030@fiestainsurance.com,fiestaca030@fiestainsurance.com,acc@fiestainsurance.com,acc_ca@fiestainsurance.com,mfaulkner@fiestainsurance.com,mfaulkner@fiestainsurance.com,fiestaCA045@fiestainsurance.com,7
CA046,25-Jul-18,707.05,0.00,,,295.00,0.00,,0.00,,0.00,0.00,0.00,0.00,,,fiestaca030@fiestainsurance.com,fiestaca030@fiestainsurance.com,acc@fiestainsurance.com,acc_ca@fiestainsurance.com,mfaulkner@fiestainsurance.com,mfaulkner@fiestainsurance.com,fiestaCA046@fiestainsurance.com,7
CA047,25-Jul-18,271.61,0.00,,,0.00,0.00,,0.00,,0.00,0.00,0.00,0.00,,,fiestaca011@fiestainsurance.com,fiestaca011@fiestainsurance.com,acc@fiestainsurance.com,acc_ca@fiestainsurance.com,mfaulkner@fiestainsurance.com,mfaulkner@fiestainsurance.com,fiestaCA047@fiestainsurance.com,7
CA048,25-Jul-18,129.00,0.00,,,0.00,0.00,,0.00,,0.00,0.00,0.00,0.00,,,fiestaca011@fiestainsurance.com,fiestaca011@fiestainsurance.com,acc@fiestainsurance.com,acc_ca@fiestainsurance.com,mfaulkner@fiestainsurance.com,mfaulkner@fiestainsurance.com,fiestaCA048@fiestainsurance.com,7
CA050,25-Jul-18,"2,618.38",0.00,,,0.00,0.00,,0.00,,0.00,0.00,0.00,0.00,,,fiestaca050@fiestainsurance.com,fiestaca066@fiestainsurance.com,acc@fiestainsurance.com,acc_ca@fiestainsurance.com,mfaulkner@fiestainsurance.com,mfaulkner@fiestainsurance.com,fiestaCA050@fiestainsurance.com,7
CA054,25-Jul-18,"1,955.69",0.00,,,406.00,0.00,,0.00,,0.00,0.00,0.00,0.00,,,fiestaca014@fiestainsurance.com,fiestaca014@fiestainsurance.com,acc@fiestainsurance.com,acc_ca@fiestainsurance.com,mfaulkner@fiestainsurance.com,mfaulkner@fiestainsurance.com,fiestaCA054@fiestainsurance.com,7
CA056,25-Jul-18,"3,179.31",0.00,,,"1,810.00",0.00,,0.00,,0.00,0.00,0.00,0.00,,,fiestaca002@fiestainsurance.com,fiestaca006@fiestainsurance.com,acc@fiestainsurance.com,acc_ca@fiestainsurance.com,mfaulkner@fiestainsurance.com,mfaulkner@fiestainsurance.com,fiestaCA056@fiestainsurance.com,7
CA057,25-Jul-18,"2,320.84",0.00,,,399.00,0.00,,0.00,,0.00,0.00,0.00,0.00,,,fiestaca023@fiestainsurance.com,fiestaca026@fiestainsurance.com,acc@fiestainsurance.com,acc_ca@fiestainsurance.com,mfaulkner@fiestainsurance.com,mfaulkner@fiestainsurance.com,fiestaCA057@fiestainsurance.com,7
CA058,25-Jul-18,131.92,0.00,,,733.00,0.00,,0.00,,0.00,0.00,0.00,0.00,,,fiestaca023@fiestainsurance.com,fiestaca026@fiestainsurance.com,acc@fiestainsurance.com,acc_ca@fiestainsurance.com,mfaulkner@fiestainsurance.com,mfaulkner@fiestainsurance.com,fiestaCA058@fiestainsurance.com,7
CA059,25-Jul-18,"2,771.63",0.00,,,0.00,0.00,,0.00,,0.00,0.00,0.00,0.00,,,fiestaca023@fiestainsurance.com,fiestaca026@fiestainsurance.com,acc@fiestainsurance.com,acc_ca@fiestainsurance.com,mfaulkner@fiestainsurance.com,mfaulkner@fiestainsurance.com,fiestaCA059@fiestainsurance.com,7
CA060,25-Jul-18,"1,125.35",0.00,,,"1,737.00",0.00,,0.00,,0.00,0.00,0.00,0.00,,,fiestaca014@fiestainsurance.com,fiestaca014@fiestainsurance.com,acc@fiestainsurance.com,acc_ca@fiestainsurance.com,mfaulkner@fiestainsurance.com,mfaulkner@fiestainsurance.com,fiestaCA060@fiestainsurance.com,7
CA061,25-Jul-18,539.56,0.00,,,0.00,0.00,,0.00,,0.00,0.00,0.00,0.00,,,fiestaca014@fiestainsurance.com,fiestaca014@fiestainsurance.com,acc@fiestainsurance.com,acc_ca@fiestainsurance.com,mfaulkner@fiestainsurance.com,mfaulkner@fiestainsurance.com,fiestaCA061@fiestainsurance.com,7
CA065,25-Jul-18,"2,534.87",0.00,,,199.00,0.00,,0.00,,0.00,0.00,0.00,0.00,,,fiestaca065@fiestainsurance.com,fiestaca065_2@fiestainsurance.com,acc@fiestainsurance.com,acc_ca@fiestainsurance.com,mfaulkner@fiestainsurance.com,mfaulkner@fiestainsurance.com,fiestaCA065@fiestainsurance.com,7
CA066,25-Jul-18,165.01,0.00,,,55.00,0.00,,0.00,,0.00,0.00,0.00,0.00,,,fiestaca050@fiestainsurance.com,fiestaca066@fiestainsurance.com,acc@fiestainsurance.com,acc_ca@fiestainsurance.com,mfaulkner@fiestainsurance.com,mfaulkner@fiestainsurance.com,fiestaCA066@fiestainsurance.com,7
CA067,25-Jul-18,368.00,0.00,,,0.00,0.00,,0.00,,0.00,0.00,0.00,0.00,,,fiestaca050@fiestainsurance.com,fiestaca066@fiestainsurance.com,acc@fiestainsurance.com,acc_ca@fiestainsurance.com,mfaulkner@fiestainsurance.com,mfaulkner@fiestainsurance.com,fiestaCA067@fiestainsurance.com,7
CA068,25-Jul-18,456.69,0.00,,,0.00,0.00,,0.00,,0.00,0.00,0.00,0.00,,,fiestaca050@fiestainsurance.com,fiestaca066@fiestainsurance.com,acc@fiestainsurance.com,acc_ca@fiestainsurance.com,mfaulkner@fiestainsurance.com,mfaulkner@fiestainsurance.com,fiestaCA068@fiestainsurance.com,7
CA069,25-Jul-18,607.83,0.00,,,75.00,0.00,,0.00,,0.00,0.00,0.00,0.00,,,fiestaca031@fiestainsurance.com,fiestaca031@fiestainsurance.com,acc@fiestainsurance.com,acc_ca@fiestainsurance.com,mfaulkner@fiestainsurance.com,mfaulkner@fiestainsurance.com,fiestaCA069@fiestainsurance.com,7
CA071,25-Jul-18,188.88,0.00,,,170.00,0.00,,0.00,,0.00,0.00,0.00,0.00,,,fiestaca014@fiestainsurance.com,fiestaca014@fiestainsurance.com,acc@fiestainsurance.com,acc_ca@fiestainsurance.com,mfaulkner@fiestainsurance.com,mfaulkner@fiestainsurance.com,fiestaCA071@fiestainsurance.com,7
CA072,25-Jul-18,794.95,0.00,,,532.87,0.00,,0.00,,0.00,0.00,0.00,0.00,,,fiestaca072@fiestainsurance.com,fiestaca072@fiestainsurance.com,acc@fiestainsurance.com,acc_ca@fiestainsurance.com,mfaulkner@fiestainsurance.com,mfaulkner@fiestainsurance.com,fiestaCA072@fiestainsurance.com,7
CA074,25-Jul-18,"2,709.82",0.00,,,0.00,0.00,,0.00,,0.00,0.00,0.00,0.00,,,fiestaca030@fiestainsurance.com,fiestaca030@fiestainsurance.com,acc@fiestainsurance.com,acc_ca@fiestainsurance.com,mfaulkner@fiestainsurance.com,mfaulkner@fiestainsurance.com,fiestaCA074@fiestainsurance.com,7
CA075,25-Jul-18,336.52,0.00,,,389.00,0.00,,0.00,,0.00,0.00,0.00,0.00,,,fiestaca030@fiestainsurance.com,fiestaca030@fiestainsurance.com,acc@fiestainsurance.com,acc_ca@fiestainsurance.com,mfaulkner@fiestainsurance.com,mfaulkner@fiestainsurance.com,fiestaCA075@fiestainsurance.com,7
CA076,25-Jul-18,"1,576.82",0.00,,,"1,251.72",0.00,,0.00,,0.00,0.00,0.00,0.00,,,fiestaca030@fiestainsurance.com,fiestaca030@fiestainsurance.com,acc@fiestainsurance.com,acc_ca@fiestainsurance.com,mfaulkner@fiestainsurance.com,mfaulkner@fiestainsurance.com,fiestaCA076@fiestainsurance.com,7
CA078,25-Jul-18,421.19,0.00,,,376.69,0.00,,0.00,,0.00,0.00,0.00,0.00,,,fiestaca078@fiestainsurance.com,fiestaca078@fiestainsurance.com,acc@fiestainsurance.com,acc_ca@fiestainsurance.com,mfaulkner@fiestainsurance.com,mfaulkner@fiestainsurance.com,fiestaCA078@fiestainsurance.com,7
CA079,25-Jul-18,509.00,0.00,,,"1,439.99",0.00,,0.00,,0.00,0.00,0.00,0.00,,,fiestaca082@fiestainsurance.com,fiestaca082@fiestainsurance.com,acc@fiestainsurance.com,acc_ca@fiestainsurance.com,mfaulkner@fiestainsurance.com,mfaulkner@fiestainsurance.com,fiestaCA079@fiestainsurance.com,7
CA080,25-Jul-18,"1,008.88",0.00,,,487.00,0.00,,0.00,,0.00,0.00,0.00,0.00,,,fiestaca002@fiestainsurance.com,fiestaca006@fiestainsurance.com,acc@fiestainsurance.com,acc_ca@fiestainsurance.com,mfaulkner@fiestainsurance.com,mfaulkner@fiestainsurance.com,fiestaCA080@fiestainsurance.com,7
CA082,25-Jul-18,644.08,0.00,,,0.00,0.00,,0.00,,0.00,0.00,0.00,0.00,,,fiestaca082@fiestainsurance.com,fiestaca082@fiestainsurance.com,acc@fiestainsurance.com,acc_ca@fiestainsurance.com,mfaulkner@fiestainsurance.com,mfaulkner@fiestainsurance.com,fiestaCA082@fiestainsurance.com,7
CA083,25-Jul-18,"3,415.08",0.00,,,300.00,0.00,,0.00,,0.00,0.00,0.00,0.00,,,fiestaca083@fiestainsurance.com,fiestaca083b@fiestainsurance.com,acc@fiestainsurance.com,acc_ca@fiestainsurance.com,mfaulkner@fiestainsurance.com,mfaulkner@fiestainsurance.com,fiestaCA083@fiestainsurance.com,7
CA085,25-Jul-18,"2,638.01",0.00,,,179.00,0.00,,0.00,,0.00,0.00,0.00,0.00,,,fiestaca023@fiestainsurance.com,fiestaca026@fiestainsurance.com,acc@fiestainsurance.com,acc_ca@fiestainsurance.com,mfaulkner@fiestainsurance.com,mfaulkner@fiestainsurance.com,fiestaCA085@fiestainsurance.com,7
CA088,25-Jul-18,336.37,0.00,,,545.00,0.00,,0.00,,0.00,0.00,0.00,0.00,,,fiestaca001@fiestainsurance.com,fiestaca001@fiestainsurance.com,acc@fiestainsurance.com,acc_ca@fiestainsurance.com,mfaulkner@fiestainsurance.com,mfaulkner@fiestainsurance.com,fiestaCA088@fiestainsurance.com,7
CA089,25-Jul-18,"1,264.58",0.00,,,513.00,0.00,,0.00,,0.00,0.00,0.00,0.00,,,fiestaca023@fiestainsurance.com,fiestaca026@fiestainsurance.com,acc@fiestainsurance.com,acc_ca@fiestainsurance.com,mfaulkner@fiestainsurance.com,mfaulkner@fiestainsurance.com,fiestaCA089@fiestainsurance.com,7
CA090,25-Jul-18,"2,044.89",0.00,,,929.00,0.00,,0.00,,0.00,0.00,0.00,0.00,,,fiestaca023@fiestainsurance.com,fiestaca026@fiestainsurance.com,acc@fiestainsurance.com,acc_ca@fiestainsurance.com,mfaulkner@fiestainsurance.com,mfaulkner@fiestainsurance.com,fiestaCA090@fiestainsurance.com,7
CA091,25-Jul-18,"1,117.48",0.00,,,319.00,0.00,,0.00,,0.00,0.00,0.00,0.00,,,fiestaca023@fiestainsurance.com,fiestaca026@fiestainsurance.com,acc@fiestainsurance.com,acc_ca@fiestainsurance.com,mfaulkner@fiestainsurance.com,mfaulkner@fiestainsurance.com,fiestaCA091@fiestainsurance.com,7
CA093,25-Jul-18,424.43,0.00,,,170.00,0.00,,0.00,,0.00,0.00,0.00,0.00,,,fiestaca004@fiestainsurance.com,fiestaca004@fiestainsurance.com,acc@fiestainsurance.com,acc_ca@fiestainsurance.com,mfaulkner@fiestainsurance.com,mfaulkner@fiestainsurance.com,fiestaCA093@fiestainsurance.com,7
CA095,25-Jul-18,"1,079.10",0.00,,,0.00,0.00,,0.00,,0.00,0.00,0.00,0.00,,,fiestaca095@fiestainsurance.com,fiestaca095@fiestainsurance.com,acc@fiestainsurance.com,acc_ca@fiestainsurance.com,mfaulkner@fiestainsurance.com,mfaulkner@fiestainsurance.com,fiestaCA095@fiestainsurance.com,7
CA096,25-Jul-18,"2,406.75",0.00,,,110.00,0.00,,0.00,,0.00,0.00,0.00,0.00,,,fiestaca098@fiestainsurance.com,fiestaca098@fiestainsurance.com,acc@fiestainsurance.com,acc_ca@fiestainsurance.com,mfaulkner@fiestainsurance.com,mfaulkner@fiestainsurance.com,fiestaCA096@fiestainsurance.com,7
CA098,25-Jul-18,"1,345.49",0.00,,,145.70,0.00,,0.00,,0.00,0.00,0.00,0.00,,,fiestaca098@fiestainsurance.com,fiestaca098@fiestainsurance.com,acc@fiestainsurance.com,acc_ca@fiestainsurance.com,mfaulkner@fiestainsurance.com,mfaulkner@fiestainsurance.com,fiestaCA098@fiestainsurance.com,7
CA099,25-Jul-18,"2,020.37",0.00,,,724.00,0.00,,0.00,,0.00,0.00,0.00,0.00,,,fiestaca099@fiestainsurance.com,fiestaca099@fiestainsurance.com,acc@fiestainsurance.com,acc_ca@fiestainsurance.com,mfaulkner@fiestainsurance.com,mfaulkner@fiestainsurance.com,fiestaCA099@fiestainsurance.com,7
CA102,25-Jul-18,325.06,0.00,,,138.00,0.00,,0.00,,0.00,0.00,0.00,0.00,,,fiestaca004@fiestainsurance.com,fiestaca004@fiestainsurance.com,acc@fiestainsurance.com,acc_ca@fiestainsurance.com,mfaulkner@fiestainsurance.com,mfaulkner@fiestainsurance.com,fiestaCA102@fiestainsurance.com,7
CA103,25-Jul-18,148.14,0.00,,,658.00,0.00,,0.00,,0.00,0.00,0.00,0.00,,,fiestaca030@fiestainsurance.com,fiestaca030@fiestainsurance.com,acc@fiestainsurance.com,acc_ca@fiestainsurance.com,mfaulkner@fiestainsurance.com,mfaulkner@fiestainsurance.com,fiestaCA103@fiestainsurance.com,7
CA104,25-Jul-18,"1,266.37",0.00,,,410.00,0.00,,0.00,,0.00,0.00,0.00,0.00,,,fiestaca030@fiestainsurance.com,fiestaca030@fiestainsurance.com,acc@fiestainsurance.com,acc_ca@fiestainsurance.com,mfaulkner@fiestainsurance.com,mfaulkner@fiestainsurance.com,fiestaCA104@fiestainsurance.com,7
CA106,25-Jul-18,"1,232.11",0.00,,,0.00,0.00,,0.00,,0.00,0.00,0.00,0.00,,,fiestaca023@fiestainsurance.com,fiestaca026@fiestainsurance.com,acc@fiestainsurance.com,acc_ca@fiestainsurance.com,mfaulkner@fiestainsurance.com,mfaulkner@fiestainsurance.com,fiestaCA106@fiestainsurance.com,7
CA107,25-Jul-18,559.67,0.00,,,877.00,0.00,,0.00,,0.00,0.00,0.00,0.00,,,fiestaca023@fiestainsurance.com,fiestaca026@fiestainsurance.com,acc@fiestainsurance.com,acc_ca@fiestainsurance.com,mfaulkner@fiestainsurance.com,mfaulkner@fiestainsurance.com,fiestaCA107@fiestainsurance.com,7
CA110,25-Jul-18,343.28,0.00,,,0.00,0.00,,0.00,,0.00,0.00,0.00,0.00,,,fiestaca014@fiestainsurance.com,fiestaca083@fiestainsurance.com,acc@fiestainsurance.com,acc_ca@fiestainsurance.com,mfaulkner@fiestainsurance.com,mfaulkner@fiestainsurance.com,fiestaCA110@fiestainsurance.com,7
CA113,25-Jul-18,"1,674.76",0.00,,,0.00,0.00,,0.00,,0.00,0.00,0.00,0.00,,,fiestaca023@fiestainsurance.com,tlagunas@fiestainsurance.com,acc@fiestainsurance.com,acc_ca@fiestainsurance.com,mfaulkner@fiestainsurance.com,mfaulkner@fiestainsurance.com,fiestaCA113@fiestainsurance.com,7
CA114,25-Jul-18,650.86,0.00,,,435.26,0.00,,0.00,,0.00,0.00,0.00,0.00,,,fiestaca030@fiestainsurance.com,fiestaca030@fiestainsurance.com,acc@fiestainsurance.com,acc_ca@fiestainsurance.com,mfaulkner@fiestainsurance.com,mfaulkner@fiestainsurance.com,fiestaCA114@fiestainsurance.com,7
CA115,25-Jul-18,593.98,0.00,,,319.00,0.00,,0.00,,0.00,0.00,0.00,0.00,,,fiestaca023@fiestainsurance.com,fiestaca026@fiestainsurance.com,acc@fiestainsurance.com,acc_ca@fiestainsurance.com,mfaulkner@fiestainsurance.com,mfaulkner@fiestainsurance.com,fiestaCA115@fiestainsurance.com,7
CA117,25-Jul-18,-1.13,0.00,,,179.00,0.00,,0.00,,0.00,0.00,0.00,0.00,,,fiestaca030@fiestainsurance.com,klopez@fiestainsurance.com,acc@fiestainsurance.com,acc_ca@fiestainsurance.com,mfaulkner@fiestainsurance.com,mfaulkner@fiestainsurance.com,fiestaCA117@fiestainsurance.com,7
CA118,25-Jul-18,"1,731.77",0.00,,,100.00,0.00,,0.00,,0.00,0.00,0.00,0.00,,,fiestaca030@fiestainsurance.com,fiestaca030@fiestainsurance.com,acc@fiestainsurance.com,acc_ca@fiestainsurance.com,mfaulkner@fiestainsurance.com,mfaulkner@fiestainsurance.com,fiestaCA118@fiestainsurance.com,7
CA119,25-Jul-18,775.17,0.00,,,220.00,0.00,,0.00,,0.00,0.00,0.00,0.00,,,fiestaca030@fiestainsurance.com,fiestaca030@fiestainsurance.com,acc@fiestainsurance.com,acc_ca@fiestainsurance.com,mfaulkner@fiestainsurance.com,mfaulkner@fiestainsurance.com,fiestaCA119@fiestainsurance.com,7
CA120,25-Jul-18,235.12,0.00,,,370.00,0.00,,0.00,,0.00,0.00,0.00,0.00,,,fiestaca099@fiestainsurance.com,fiestaca099@fiestainsurance.com,acc@fiestainsurance.com,acc_ca@fiestainsurance.com,mfaulkner@fiestainsurance.com,mfaulkner@fiestainsurance.com,fiestaCA120@fiestainsurance.com,7
CA122,25-Jul-18,337.64,0.00,,,344.00,0.00,,0.00,,0.00,0.00,0.00,0.00,,,fiestaca099@fiestainsurance.com,rgiardina@fiestainsurance.com,acc@fiestainsurance.com,acc_ca@fiestainsurance.com,mfaulkner@fiestainsurance.com,mfaulkner@fiestainsurance.com,fiestaCA122@fiestainsurance.com,7
CA123,25-Jul-18,-247.41,0.00,,,604.00,0.00,,0.00,,0.00,0.00,0.00,0.00,,,fiestaca099@fiestainsurance.com,rgiardina@fiestainsurance.com,acc@fiestainsurance.com,acc_ca@fiestainsurance.com,mfaulkner@fiestainsurance.com,mfaulkner@fiestainsurance.com,fiestaCA123@fiestainsurance.com,7
CA124,25-Jul-18,415.57,0.00,,,395.00,0.00,,0.00,,0.00,0.00,0.00,0.00,,,fiestaca014@fiestainsurance.com,fiestaca014@fiestainsurance.com,acc@fiestainsurance.com,acc_ca@fiestainsurance.com,mfaulkner@fiestainsurance.com,mfaulkner@fiestainsurance.com,fiestaCA124@fiestainsurance.com,7
CA126,25-Jul-18,250.76,0.00,,,0.00,0.00,,0.00,,0.00,0.00,0.00,0.00,,,fiestaca126@fiestainsurance.com,fiestaca126@fiestainsurance.com,acc@fiestainsurance.com,acc_ca@fiestainsurance.com,mfaulkner@fiestainsurance.com,mfaulkner@fiestainsurance.com,fiestaCA126@fiestainsurance.com,7
CA127,25-Jul-18,"1,304.58",0.00,,,514.00,0.00,,0.00,,0.00,0.00,0.00,0.00,,,fiestaca023@fiestainsurance.com,fiestaca026@fiestainsurance.com,acc@fiestainsurance.com,acc_ca@fiestainsurance.com,mfaulkner@fiestainsurance.com,mfaulkner@fiestainsurance.com,fiestaCA127@fiestainsurance.com,7
CA128,25-Jul-18,123.00,0.00,,,55.00,0.00,,0.00,,0.00,0.00,0.00,0.00,,,fiestaca023@fiestainsurance.com,fiestaca026@fiestainsurance.com,acc@fiestainsurance.com,acc_ca@fiestainsurance.com,mfaulkner@fiestainsurance.com,mfaulkner@fiestainsurance.com,fiestaCA128@fiestainsurance.com,7
CA129,25-Jul-18,"1,231.25",0.00,,,629.00,0.00,,0.00,,0.00,0.00,0.00,0.00,,,fiestaca023@fiestainsurance.com,fiestaca023@fiestainsurance.com,acc@fiestainsurance.com,acc_ca@fiestainsurance.com,mfaulkner@fiestainsurance.com,mfaulkner@fiestainsurance.com,fiestaCA129@fiestainsurance.com,7
CA130,25-Jul-18,905.76,0.00,,,415.88,0.00,,0.00,,0.00,0.00,0.00,0.00,,,fiestaca002@fiestainsurance.com,fiestaca006@fiestainsurance.com,acc@fiestainsurance.com,acc_ca@fiestainsurance.com,mfaulkner@fiestainsurance.com,mfaulkner@fiestainsurance.com,fiestaCA130@fiestainsurance.com,7
CA131,25-Jul-18,"1,309.45",0.00,,,0.00,0.00,,0.00,,0.00,0.00,0.00,0.00,,,fiestaca131@fiestainsurance.com,fiestaca023@fiestainsurance.com,acc@fiestainsurance.com,acc_ca@fiestainsurance.com,mfaulkner@fiestainsurance.com,mfaulkner@fiestainsurance.com,fiestaCA131@fiestainsurance.com,7
CA132,25-Jul-18,"1,083.12",0.00,,,156.00,0.00,,0.00,,0.00,0.00,0.00,0.00,,,fiestaca131@fiestainsurance.com,fiestaca023@fiestainsurance.com,acc@fiestainsurance.com,acc_ca@fiestainsurance.com,mfaulkner@fiestainsurance.com,mfaulkner@fiestainsurance.com,fiestaCA132@fiestainsurance.com,7
CA133,25-Jul-18,272.35,0.00,,,0.00,0.00,,0.00,,0.00,0.00,0.00,0.00,,,fiestaca131@fiestainsurance.com,fiestaca023@fiestainsurance.com,acc@fiestainsurance.com,acc_ca@fiestainsurance.com,mfaulkner@fiestainsurance.com,mfaulkner@fiestainsurance.com,fiestaCA133@fiestainsurance.com,7
CA136,25-Jul-18,557.84,0.00,,,0.00,0.00,,0.00,,0.00,0.00,0.00,0.00,,,fiestaca023@fiestainsurance.com,fiestaca026@fiestainsurance.com,acc@fiestainsurance.com,acc_ca@fiestainsurance.com,mfaulkner@fiestainsurance.com,mfaulkner@fiestainsurance.com,fiestaCA136@fiestainsurance.com,7
CA137,25-Jul-18,"1,091.76",0.00,,,0.00,0.00,,0.00,,0.00,0.00,0.00,0.00,,,fiestaca014@fiestainsurance.com,fiestaca014@fiestainsurance.com,acc@fiestainsurance.com,acc_ca@fiestainsurance.com,mfaulkner@fiestainsurance.com,mfaulkner@fiestainsurance.com,fiestaCA137@fiestainsurance.com,7
CA140,25-Jul-18,717.00,0.00,,,0.00,0.00,,0.00,,0.00,0.00,0.00,0.00,,,fiestaca023@fiestainsurance.com,tlagunas@fiestainsurance.com,acc@fiestainsurance.com,acc_ca@fiestainsurance.com,mfaulkner@fiestainsurance.com,mfaulkner@fiestainsurance.com,fiestaCA140@fiestainsurance.com,7
CA141,25-Jul-18,696.65,0.00,,,"1,062.00",0.00,,0.00,,0.00,0.00,0.00,0.00,,,fiestaca023@fiestainsurance.com,tlagunas@fiestainsurance.com,acc@fiestainsurance.com,acc_ca@fiestainsurance.com,mfaulkner@fiestainsurance.com,mfaulkner@fiestainsurance.com,fiestaCA141@fiestainsurance.com,7
CA142,25-Jul-18,321.49,0.00,,,0.00,0.00,,0.00,,0.00,0.00,0.00,0.00,,,fiestaca023@fiestainsurance.com,fiestaca026@fiestainsurance.com,acc@fiestainsurance.com,acc_ca@fiestainsurance.com,mfaulkner@fiestainsurance.com,mfaulkner@fiestainsurance.com,fiestaCA142@fiestainsurance.com,7
CA145,25-Jul-18,"2,358.09",0.00,,,512.00,0.00,,0.00,,0.00,0.00,0.00,0.00,,,fiestaca023@fiestainsurance.com,fiestaca026@fiestainsurance.com,acc@fiestainsurance.com,acc_ca@fiestainsurance.com,mfaulkner@fiestainsurance.com,mfaulkner@fiestainsurance.com,fiestaCA145@fiestainsurance.com,7
CA146,25-Jul-18,670.95,0.00,,,0.00,0.00,,0.00,,0.00,0.00,0.00,0.00,,,fiestaca023@fiestainsurance.com,fiestaca026@fiestainsurance.com,acc@fiestainsurance.com,acc_ca@fiestainsurance.com,mfaulkner@fiestainsurance.com,mfaulkner@fiestainsurance.com,fiestaCA146@fiestainsurance.com,7
CA147,25-Jul-18,421.44,0.00,,,630.00,0.00,,0.00,,0.00,0.00,0.00,0.00,,,fiestaca023@fiestainsurance.com,fiestaca026@fiestainsurance.com,acc@fiestainsurance.com,acc_ca@fiestainsurance.com,mfaulkner@fiestainsurance.com,mfaulkner@fiestainsurance.com,fiestaCA147@fiestainsurance.com,7
CA148,25-Jul-18,441.39,0.00,,,0.00,0.00,,0.00,,0.00,0.00,0.00,0.00,,,fiestaca023@fiestainsurance.com,fiestaca026@fiestainsurance.com,acc@fiestainsurance.com,acc_ca@fiestainsurance.com,mfaulkner@fiestainsurance.com,mfaulkner@fiestainsurance.com,fiestaCA148@fiestainsurance.com,7
CA150,25-Jul-18,276.53,0.00,,,0.00,0.00,,0.00,,0.00,0.00,0.00,0.00,,,fiestaca030@fiestainsurance.com,fiestaca030@fiestainsurance.com,acc@fiestainsurance.com,acc_ca@fiestainsurance.com,mfaulkner@fiestainsurance.com,mfaulkner@fiestainsurance.com,fiestaCA150@fiestainsurance.com,7
CA152,25-Jul-18,279.53,0.00,,,0.00,0.00,,0.00,,0.00,0.00,0.00,0.00,,,fiestaca050@fiestainsurance.com,fiestaca066@fiestainsurance.com,acc@fiestainsurance.com,acc_ca@fiestainsurance.com,mfaulkner@fiestainsurance.com,mfaulkner@fiestainsurance.com,fiestaCA152@fiestainsurance.com,7
CA153,25-Jul-18,73.23,0.00,,,0.00,0.00,,0.00,,0.00,0.00,0.00,0.00,,,fiestaca082@fiestainsurance.com,fiestaca082@fiestainsurance.com,acc@fiestainsurance.com,acc_ca@fiestainsurance.com,mfaulkner@fiestainsurance.com,mfaulkner@fiestainsurance.com,fiestaCA153@fiestainsurance.com,7
CA154,25-Jul-18,681.83,0.00,,,80.00,0.00,,0.00,,0.00,0.00,0.00,0.00,,,fiestaca154@fiestainsurance.com,fiestaca154@fiestainsurance.com,acc@fiestainsurance.com,acc_ca@fiestainsurance.com,mfaulkner@fiestainsurance.com,mfaulkner@fiestainsurance.com,fiestaCA154@fiestainsurance.com,7
CA155,25-Jul-18,"1,636.19",0.00,,,0.00,0.00,,0.00,,0.00,0.00,0.00,0.00,,,fiestaca003@fiestainsurance.com,fiestaca003@fiestainsurance.com,acc@fiestainsurance.com,acc_ca@fiestainsurance.com,mfaulkner@fiestainsurance.com,mfaulkner@fiestainsurance.com,fiestaCA155@fiestainsurance.com,7
CA157,25-Jul-18,574.95,0.00,,,0.00,0.00,,0.00,,0.00,0.00,0.00,0.00,,,fiestaca050@fiestainsurance.com,fiestaca066@fiestainsurance.com,acc@fiestainsurance.com,acc_ca@fiestainsurance.com,mfaulkner@fiestainsurance.com,mfaulkner@fiestainsurance.com,fiestaCA157@fiestainsurance.com,7
CA159,25-Jul-18,225.00,0.00,,,0.00,0.00,,0.00,,0.00,0.00,0.00,0.00,,,fiestaca007@fiestainsurance.com,fiestaca015@fiestainsurance.com,acc@fiestainsurance.com,acc_ca@fiestainsurance.com,mfaulkner@fiestainsurance.com,mfaulkner@fiestainsurance.com,fiestaCA159@fiestainsurance.com,7
CA160,25-Jul-18,"1,652.84",0.00,,,807.00,0.00,,0.00,,0.00,0.00,0.00,0.00,,,fiestaca002@fiestainsurance.com,fiestaca002@fiestainsurance.com,acc@fiestainsurance.com,acc_ca@fiestainsurance.com,mfaulkner@fiestainsurance.com,mfaulkner@fiestainsurance.com,fiestaCA160@fiestainsurance.com,7
CA161,25-Jul-18,-132.44,0.00,,,548.00,0.00,,0.00,,0.00,0.00,0.00,0.00,,,fiestaca004@fiestainsurance.com,fiestaca004@fiestainsurance.com,acc@fiestainsurance.com,acc_ca@fiestainsurance.com,mfaulkner@fiestainsurance.com,mfaulkner@fiestainsurance.com,fiestaCA161@fiestainsurance.com,7
CA162,25-Jul-18,184.83,0.00,,,65.00,0.00,,0.00,,0.00,0.00,0.00,0.00,,,fiestaca082@fiestainsurance.com,fiestaca082@fiestainsurance.com,acc@fiestainsurance.com,acc_ca@fiestainsurance.com,mfaulkner@fiestainsurance.com,mfaulkner@fiestainsurance.com,fiestaCA162@fiestainsurance.com,7
CA164,25-Jul-18,720.78,0.00,,,0.00,0.00,,0.00,,0.00,0.00,0.00,0.00,,,fiestaca164@fiestainsurance.com,fiestaca164@fiestainsurance.com,acc@fiestainsurance.com,acc_ca@fiestainsurance.com,mfaulkner@fiestainsurance.com,mfaulkner@fiestainsurance.com,fiestaCA164@fiestainsurance.com,7
CA166,25-Jul-18,82.13,0.00,,,717.00,0.00,,0.00,,0.00,0.00,0.00,0.00,,,fiestaca023@fiestainsurance.com,fiestaca026@fiestainsurance.com,acc@fiestainsurance.com,acc_ca@fiestainsurance.com,mfaulkner@fiestainsurance.com,mfaulkner@fiestainsurance.com,fiestaCA166@fiestainsurance.com,7
CA167,25-Jul-18,-14.87,0.00,,,274.00,0.00,,0.00,,0.00,0.00,0.00,0.00,,,fiestaca023@fiestainsurance.com,fiestaca023@fiestainsurance.com,acc@fiestainsurance.com,acc_ca@fiestainsurance.com,mfaulkner@fiestainsurance.com,mfaulkner@fiestainsurance.com,fiestaCA167@fiestainsurance.com,7
CA168,25-Jul-18,0.00,0.00,,,0.00,0.00,,0.00,,0.00,0.00,0.00,0.00,,,fiestaca023@fiestainsurance.com,fiestaca023@fiestainsurance.com,acc@fiestainsurance.com,acc_ca@fiestainsurance.com,mfaulkner@fiestainsurance.com,mfaulkner@fiestainsurance.com,fiestaCA168@fiestainsurance.com,7
CA169,25-Jul-18,91.30,0.00,,,0.00,0.00,,0.00,,0.00,0.00,0.00,0.00,,,fiestaca030@fiestainsurance.com,fiestaca030@fiestainsurance.com,acc@fiestainsurance.com,acc_ca@fiestainsurance.com,mfaulkner@fiestainsurance.com,mfaulkner@fiestainsurance.com,fiestaCA169@fiestainsurance.com,7
CA172,25-Jul-18,695.56,0.00,,,0.00,0.00,,0.00,,0.00,0.00,0.00,0.00,,,fiestaca011@fiestainsurance.com,fiestaca011@fiestainsurance.com,acc@fiestainsurance.com,acc_ca@fiestainsurance.com,mfaulkner@fiestainsurance.com,mfaulkner@fiestainsurance.com,fiestaCA172@fiestainsurance.com,7
CA177,25-Jul-18,125.52,0.00,,,0.00,0.00,,0.00,,0.00,0.00,0.00,0.00,,,fiestaca177@fiestainsurance.com,fiestaca177@fiestainsurance.com,acc@fiestainsurance.com,acc_ca@fiestainsurance.com,mfaulkner@fiestainsurance.com,mfaulkner@fiestainsurance.com,fiestaCA177@fiestainsurance.com,7
CA178,25-Jul-18,-10.79,0.00,,,233.18,0.00,,0.00,,0.00,0.00,0.00,0.00,,,fiestaca178@fiestainsurance.com,fiestaca178@fiestainsurance.com,acc@fiestainsurance.com,acc_ca@fiestainsurance.com,mfaulkner@fiestainsurance.com,mfaulkner@fiestainsurance.com,fiestaCA178@fiestainsurance.com,7
CA180,25-Jul-18,251.26,0.00,,,0.00,0.00,,0.00,,0.00,0.00,0.00,0.00,,,fiestaca180@fiestainsurance.com,fiestaca180@fiestainsurance.com,acc@fiestainsurance.com,acc_ca@fiestainsurance.com,mfaulkner@fiestainsurance.com,mfaulkner@fiestainsurance.com,fiestaCA180@fiestainsurance.com,7
CA182,25-Jul-18,0.00,0.00,,,0.00,0.00,,0.00,,0.00,0.00,0.00,0.00,,,fiestaca182@fiestainsurance.com,fiestaca182@fiestainsurance.com,acc@fiestainsurance.com,acc_ca@fiestainsurance.com,mfaulkner@fiestainsurance.com,mfaulkner@fiestainsurance.com,fiestaCA182@fiestainsurance.com,7
CA184,25-Jul-18,112.07,0.00,,,0.00,0.00,,0.00,,0.00,0.00,0.00,0.00,,,fiestaca154@fiestainsurance.com,fiestaca154@fiestainsurance.com,acc@fiestainsurance.com,acc_ca@fiestainsurance.com,mfaulkner@fiestainsurance.com,mfaulkner@fiestainsurance.com,fiestaCA184@fiestainsurance.com,7
CO001,25-Jul-18,"1,764.48",0.00,,,0.00,0.00,,0.00,,0.00,0.00,0.00,0.00,,,fiestaco001@fiestainsurance.com,fiestaco001@fiestainsurance.com,acc@fiestainsurance.com,acc_co@fiestainsurance.com,mfaulkner@fiestainsurance.com,mfaulkner@fiestainsurance.com,fiestaCO001@fiestainsurance.com,7
CO002,25-Jul-18,"3,841.46",0.00,,,0.00,0.00,,0.00,,0.00,0.00,0.00,0.00,,,fiestaco001@fiestainsurance.com,fiestaco001@fiestainsurance.com,acc@fiestainsurance.com,acc_co@fiestainsurance.com,mfaulkner@fiestainsurance.com,mfaulkner@fiestainsurance.com,fiestaCO002@fiestainsurance.com,7
FL001,25-Jul-18,686.26,0.00,,,"2,612.61",0.00,,0.00,,0.00,0.00,0.00,0.00,,,fiestafl001@fiestainsurance.com,fiestafl001b@fiestainsurance.com,acc@fiestainsurance.com,acc_fl@fiestainsurance.com,mfaulkner@fiestainsurance.com,mfaulkner@fiestainsurance.com,fiestaFL001@fiestainsurance.com,7
FL004,25-Jul-18,85.00,0.00,,,0.00,0.00,,0.00,,0.00,0.00,0.00,0.00,,,fiestafl004@fiestainsurance.com,fiestafl004@fiestainsurance.com,acc@fiestainsurance.com,acc_fl@fiestainsurance.com,mfaulkner@fiestainsurance.com,mfaulkner@fiestainsurance.com,fiestaFL004@fiestainsurance.com,7
FL005,25-Jul-18,"1,814.52",0.00,,,0.00,0.00,,0.00,,0.00,0.00,0.00,0.00,,,fiestafl014@fiestainsurance.com,fiestafl014@fiestainsurance.com,acc@fiestainsurance.com,acc_fl@fiestainsurance.com,mfaulkner@fiestainsurance.com,mfaulkner@fiestainsurance.com,fiestaFL005@fiestainsurance.com,7
FL010,25-Jul-18,"1,762.72",0.00,,,0.00,0.00,,0.00,,0.00,0.00,0.00,0.00,,,fiestafl010@fiestainsurance.com,fiestafl010@fiestainsurance.com,acc@fiestainsurance.com,acc_fl@fiestainsurance.com,mfaulkner@fiestainsurance.com,mfaulkner@fiestainsurance.com,fiestaFL010@fiestainsurance.com,7
FL011,25-Jul-18,207.00,0.00,,,0.00,0.00,,0.00,,0.00,0.00,0.00,0.00,,,fiestafl011@fiestainsurance.com,agonzalez@fiestainsurance.com,acc@fiestainsurance.com,acc_fl@fiestainsurance.com,mfaulkner@fiestainsurance.com,mfaulkner@fiestainsurance.com,fiestaFL011@fiestainsurance.com,7
FL014,25-Jul-18,"1,025.88",0.00,,,0.00,0.00,,0.00,,0.00,0.00,0.00,0.00,,,fiestafl014@fiestainsurance.com,fiestafl014@fiestainsurance.com,acc@fiestainsurance.com,acc_fl@fiestainsurance.com,mfaulkner@fiestainsurance.com,mfaulkner@fiestainsurance.com,fiestaFL014@fiestainsurance.com,7
FL019,25-Jul-18,821.57,0.00,,,0.00,0.00,,0.00,,0.00,0.00,0.00,0.00,,,fiestafl019@fiestainsurance.com,fiestafl019@fiestainsurance.com,acc@fiestainsurance.com,acc_fl@fiestainsurance.com,mfaulkner@fiestainsurance.com,mfaulkner@fiestainsurance.com,fiestaFL019@fiestainsurance.com,7
FL020,25-Jul-18,0.00,0.00,,,0.00,0.00,,0.00,,0.00,0.00,0.00,0.00,,,fiestafl020@fiestainsurance.com,fiestafl020@fiestainsurance.com,acc@fiestainsurance.com,acc_fl@fiestainsurance.com,mfaulkner@fiestainsurance.com,mfaulkner@fiestainsurance.com,fiestaFL020@fiestainsurance.com,7
FL021,25-Jul-18,"1,070.68",0.00,,,0.00,0.00,,0.00,,0.00,0.00,0.00,0.00,,,fiestafl021@fiestainsurance.com,ymilian@fiestainsurance.com,acc@fiestainsurance.com,acc_fl@fiestainsurance.com,mfaulkner@fiestainsurance.com,mfaulkner@fiestainsurance.com,fiestaFL021@fiestainsurance.com,7
FL022,25-Jul-18,703.48,0.00,,,558.17,0.00,,0.00,,0.00,0.00,0.00,0.00,,,fiestafl019@fiestainsurance.com,fiestafl019@fiestainsurance.com,acc@fiestainsurance.com,acc_fl@fiestainsurance.com,mfaulkner@fiestainsurance.com,mfaulkner@fiestainsurance.com,fiestaFL022@fiestainsurance.com,7
FL023,25-Jul-18,0.00,0.00,,,0.00,0.00,,0.00,,0.00,0.00,0.00,0.00,,,fiestafl019@fiestainsurance.com,fiestafl019@fiestainsurance.com,acc@fiestainsurance.com,acc_fl@fiestainsurance.com,mfaulkner@fiestainsurance.com,mfaulkner@fiestainsurance.com,fiestaFL023@fiestainsurance.com,7
FL024,25-Jul-18,"1,079.29",0.00,,,173.02,0.00,,0.00,,0.00,0.00,0.00,0.00,,,fiestafl019@fiestainsurance.com,fiestafl019@fiestainsurance.com,acc@fiestainsurance.com,acc_fl@fiestainsurance.com,mfaulkner@fiestainsurance.com,mfaulkner@fiestainsurance.com,fiestaFL024@fiestainsurance.com,7
FL026,25-Jul-18,18.14,0.00,,,132.95,0.00,,0.00,,0.00,0.00,0.00,0.00,,,fiestafl026@fiestainsurance.com,fiestafl026@fiestainsurance.com,acc@fiestainsurance.com,acc_fl@fiestainsurance.com,mfaulkner@fiestainsurance.com,mfaulkner@fiestainsurance.com,fiestaFL026@fiestainsurance.com,7
FL027,25-Jul-18,12.00,0.00,,,0.00,0.00,,0.00,,0.00,0.00,0.00,0.00,,,fiestafl027@fiestainsurance.com,fiestafl021@fiestainsurance.com,acc@fiestainsurance.com,acc_fl@fiestainsurance.com,mfaulkner@fiestainsurance.com,mfaulkner@fiestainsurance.com,fiestaFL027@fiestainsurance.com,7
FL028,25-Jul-18,112.96,0.00,,,0.00,0.00,,0.00,,0.00,0.00,0.00,0.00,,,fiestafl011@fiestainsurance.com,fiestafl011@fiestainsurance.com,acc@fiestainsurance.com,acc_fl@fiestainsurance.com,mfaulkner@fiestainsurance.com,mfaulkner@fiestainsurance.com,fiestaFL028@fiestainsurance.com,7
IL003,25-Jul-18,126.00,0.00,,,0.00,0.00,,0.00,,0.00,0.00,0.00,0.00,,,fiestaca023@fiestainsurance.com,fiestail001@fiestainsurance.com,acc@fiestainsurance.com,acc_il@fiestainsurance.com,mfaulkner@fiestainsurance.com,mfaulkner@fiestainsurance.com,fiestaIL003@fiestainsurance.com,7
IL004,25-Jul-18,-30.00,0.00,,,570.00,0.00,,0.00,,0.00,0.00,0.00,0.00,,,fiestaca023@fiestainsurance.com,fiestail001@fiestainsurance.com,acc@fiestainsurance.com,acc_il@fiestainsurance.com,mfaulkner@fiestainsurance.com,mfaulkner@fiestainsurance.com,fiestaIL004@fiestainsurance.com,7
NM001,25-Jul-18,661.57,0.00,,,946.05,0.00,,0.00,,0.00,0.00,0.00,0.00,,,fiestanm001@fiestainsurance.com,fiestanm001@fiestainsurance.com,acc@fiestainsurance.com,acc_nm@fiestainsurance.com,mfaulkner@fiestainsurance.com,mfaulkner@fiestainsurance.com,fiestaNM001@fiestainsurance.com,7
NM002,25-Jul-18,477.75,0.00,,,149.33,0.00,,0.00,,0.00,0.00,0.00,0.00,,,fiestanm001@fiestainsurance.com,fiestanm001@fiestainsurance.com,acc@fiestainsurance.com,acc_nm@fiestainsurance.com,mfaulkner@fiestainsurance.com,mfaulkner@fiestainsurance.com,fiestaNM002@fiestainsurance.com,7
NM003,25-Jul-18,726.35,0.00,,,0.00,0.00,,0.00,,0.00,0.00,0.00,0.00,,,fiestanm001@fiestainsurance.com,fiestanm001@fiestainsurance.com,acc@fiestainsurance.com,acc_nm@fiestainsurance.com,mfaulkner@fiestainsurance.com,mfaulkner@fiestainsurance.com,fiestaNM003@fiestainsurance.com,7
NM004,25-Jul-18,322.30,0.00,,,181.20,0.00,,0.00,,0.00,0.00,0.00,0.00,,,fiestanm001@fiestainsurance.com,fiestanm001@fiestainsurance.com,acc@fiestainsurance.com,acc_nm@fiestainsurance.com,mfaulkner@fiestainsurance.com,mfaulkner@fiestainsurance.com,fiestaNM004@fiestainsurance.com,7
NM005,25-Jul-18,252.50,0.00,,,120.00,0.00,,0.00,,0.00,0.00,0.00,0.00,,,fiestanm001@fiestainsurance.com,fiestanm001@fiestainsurance.com,acc@fiestainsurance.com,acc_nm@fiestainsurance.com,mfaulkner@fiestainsurance.com,mfaulkner@fiestainsurance.com,fiestaNM005@fiestainsurance.com,7
OH001,25-Jul-18,"1,981.29",0.00,,,0.00,0.00,,0.00,,0.00,0.00,0.00,0.00,,,fiestaoh001@fiestainsurance.com,fiestaoh001@fiestainsurance.com,acc@fiestainsurance.com,acc_oh@fiestainsurance.com,mfaulkner@fiestainsurance.com,mfaulkner@fiestainsurance.com,fiestaOH001@fiestainsurance.com,7
PA002,25-Jul-18,0.00,0.00,,,0.00,0.00,,0.00,,0.00,0.00,0.00,0.00,,,fiestapa002@fiestainsurance.com,fiestapa002@fiestainsurance.com,acc@fiestainsurance.com,acc_pa@fiestainsurance.com,mfaulkner@fiestainsurance.com,mfaulkner@fiestainsurance.com,fiestaPA002@fiestainsurance.com,7
TX003,25-Jul-18,429.01,0.00,,,122.39,0.00,,0.00,,0.00,0.00,0.00,0.00,,,fiestatx003@fiestainsurance.com,fiestatx003@fiestainsurance.com,acc@fiestainsurance.com,acc_tx@fiestainsurance.com,mfaulkner@fiestainsurance.com,mfaulkner@fiestainsurance.com,fiestaTX003@fiestainsurance.com,7
TX008,25-Jul-18,506.00,0.00,,,0.00,0.00,,0.00,,0.00,0.00,0.00,0.00,,,fiestatx008@fiestainsurance.com,fiestatx008@fiestainsurance.com,acc@fiestainsurance.com,acc_tx@fiestainsurance.com,mfaulkner@fiestainsurance.com,mfaulkner@fiestainsurance.com,fiestaTX008@fiestainsurance.com,7
TX009,25-Jul-18,698.01,0.00,,,484.00,0.00,,0.00,,0.00,0.00,0.00,0.00,,,fiestatx009@fiestainsurance.com,fiestatx018@fiestainsurance.com,acc@fiestainsurance.com,acc_tx@fiestainsurance.com,mfaulkner@fiestainsurance.com,mfaulkner@fiestainsurance.com,fiestaTX009@fiestainsurance.com,7
TX013,25-Jul-18,428.07,0.00,,,402.00,0.00,,0.00,,0.00,0.00,0.00,0.00,,,fiestatx013@fiestainsurance.com,fiestatx013@fiestainsurance.com,acc@fiestainsurance.com,acc_tx@fiestainsurance.com,mfaulkner@fiestainsurance.com,mfaulkner@fiestainsurance.com,fiestaTX013@fiestainsurance.com,7
TX014,25-Jul-18,467.18,0.00,,,533.40,0.00,,0.00,,0.00,0.00,0.00,0.00,,,fiestatx032@fiestainsurance.com,pcastro@fiestainsurance.com,acc@fiestainsurance.com,acc_tx@fiestainsurance.com,mfaulkner@fiestainsurance.com,mfaulkner@fiestainsurance.com,fiestaTX014@fiestainsurance.com,7
TX015,25-Jul-18,"3,005.83",0.00,,,0.00,0.00,,0.00,,0.00,0.00,0.00,0.00,,,fiestanm001@fiestainsurance.com,fiestanm001@fiestainsurance.com,acc@fiestainsurance.com,acc_tx@fiestainsurance.com,mfaulkner@fiestainsurance.com,mfaulkner@fiestainsurance.com,fiestaTX015@fiestainsurance.com,7
TX017,25-Jul-18,3.53,0.00,,,"1,492.07",0.00,,0.00,,0.00,0.00,0.00,0.00,,,fiestatx017@fiestainsurance.com,fiestatx017@fiestainsurance.com,acc@fiestainsurance.com,acc_tx@fiestainsurance.com,mfaulkner@fiestainsurance.com,mfaulkner@fiestainsurance.com,fiestaTX017@fiestainsurance.com,7
TX018,25-Jul-18,"1,122.38",0.00,,,0.00,0.00,,0.00,,0.00,0.00,0.00,0.00,,,fiestatx009@fiestainsurance.com,fiestatx018@fiestainsurance.com,acc@fiestainsurance.com,acc_tx@fiestainsurance.com,mfaulkner@fiestainsurance.com,mfaulkner@fiestainsurance.com,fiestaTX018@fiestainsurance.com,7
TX019,25-Jul-18,351.53,0.00,,,321.16,0.00,,0.00,,0.00,0.00,0.00,0.00,,,fiestatx019@fiestainsurance.com,fiestatx019@fiestainsurance.com,acc@fiestainsurance.com,acc_tx@fiestainsurance.com,mfaulkner@fiestainsurance.com,mfaulkner@fiestainsurance.com,fiestaTX019@fiestainsurance.com,7
TX020,25-Jul-18,600.21,0.00,,,165.20,0.00,,0.00,,0.00,0.00,0.00,0.00,,,fiestatx032@fiestainsurance.com,pcastro@fiestainsurance.com,acc@fiestainsurance.com,acc_tx@fiestainsurance.com,mfaulkner@fiestainsurance.com,mfaulkner@fiestainsurance.com,fiestaTX020@fiestainsurance.com,7
TX022,25-Jul-18,1.00,0.00,,,0.00,0.00,,0.00,,0.00,0.00,0.00,0.00,,,fiestatx022@fiestainsurance.com,fiestatx022@fiestainsurance.com,acc@fiestainsurance.com,acc_tx@fiestainsurance.com,mfaulkner@fiestainsurance.com,mfaulkner@fiestainsurance.com,fiestaTX022@fiestainsurance.com,7
TX023,25-Jul-18,0.00,0.00,,,0.00,0.00,,0.00,,0.00,0.00,0.00,0.00,,,fiestatx023@fiestainsurance.com,fiestatx023@fiestainsurance.com,acc@fiestainsurance.com,acc_tx@fiestainsurance.com,mfaulkner@fiestainsurance.com,mfaulkner@fiestainsurance.com,fiestaTX023@fiestainsurance.com,7
TX030,25-Jul-18,306.53,0.00,,,327.35,0.00,,0.00,,0.00,0.00,0.00,0.00,,,fiestatx013@fiestainsurance.com,fiestatx013@fiestainsurance.com,acc@fiestainsurance.com,acc_tx@fiestainsurance.com,mfaulkner@fiestainsurance.com,mfaulkner@fiestainsurance.com,fiestaTX030@fiestainsurance.com,7
TX031,25-Jul-18,266.35,0.00,,,151.60,0.00,,0.00,,0.00,0.00,0.00,0.00,,,fiestatx031@fiestainsurance.com,fiestatx031@fiestainsurance.com,acc@fiestainsurance.com,acc_tx@fiestainsurance.com,mfaulkner@fiestainsurance.com,mfaulkner@fiestainsurance.com,fiestaTX031@fiestainsurance.com,7
TX032,25-Jul-18,-123.00,0.00,,,350.00,0.00,,0.00,,0.00,0.00,0.00,0.00,,,fiestatx032@fiestainsurance.com,pcastro@fiestainsurance.com,acc@fiestainsurance.com,acc_tx@fiestainsurance.com,mfaulkner@fiestainsurance.com,mfaulkner@fiestainsurance.com,fiestaTX032@fiestainsurance.com,7
TX033,25-Jul-18,318.55,0.00,,,-212.00,0.00,,0.00,,0.00,0.00,0.00,0.00,,,fiestatx013@fiestainsurance.com,fiestatx013@fiestainsurance.com,acc@fiestainsurance.com,acc_tx@fiestainsurance.com,mfaulkner@fiestainsurance.com,mfaulkner@fiestainsurance.com,fiestaTX033@fiestainsurance.com,7
TX034,25-Jul-18,125.00,0.00,,,0.00,0.00,,0.00,,0.00,0.00,0.00,0.00,,,fiestanm001@fiestainsurance.com,fiestanm001@fiestainsurance.com,acc@fiestainsurance.com,acc_tx@fiestainsurance.com,mfaulkner@fiestainsurance.com,mfaulkner@fiestainsurance.com,fiestaTX034@fiestainsurance.com,7
TX038,25-Jul-18,288.82,0.00,,,50.00,0.00,,0.00,,0.00,0.00,0.00,0.00,,,fiestatx013@fiestainsurance.com,fiestatx013@fiestainsurance.com,acc@fiestainsurance.com,acc_tx@fiestainsurance.com,mfaulkner@fiestainsurance.com,mfaulkner@fiestainsurance.com,fiestaTX038@fiestainsurance.com,7
TX039,25-Jul-18,245.55,0.00,,,100.30,0.00,,0.00,,0.00,0.00,0.00,0.00,,,fiestatx013@fiestainsurance.com,fiestatx013@fiestainsurance.com,acc@fiestainsurance.com,acc_tx@fiestainsurance.com,mfaulkner@fiestainsurance.com,mfaulkner@fiestainsurance.com,fiestaTX039@fiestainsurance.com,7
TX040,25-Jul-18,96.60,0.00,,,152.28,0.00,,0.00,,0.00,0.00,0.00,0.00,,,fiestatx040@fiestainsurance.com,fiestatx040@fiestainsurance.com,acc@fiestainsurance.com,acc_tx@fiestainsurance.com,mfaulkner@fiestainsurance.com,mfaulkner@fiestainsurance.com,fiestaTX040@fiestainsurance.com,7
TX041,25-Jul-18,-10.84,0.00,,,37.00,0.00,,0.00,,0.00,0.00,0.00,0.00,,,fiestatx019@fiestainsurance.com,fiestatx019@fiestainsurance.com,acc@fiestainsurance.com,acc_tx@fiestainsurance.com,mfaulkner@fiestainsurance.com,mfaulkner@fiestainsurance.com,fiestaTX041@fiestainsurance.com,7
TX043,25-Jul-18,-59.95,0.00,,,64.95,0.00,,0.00,,0.00,0.00,0.00,0.00,,,fiestatx043@fiestainsurance.com,fiestatx043@fiestainsurance.com,acc@fiestainsurance.com,acc_tx@fiestainsurance.com,mfaulkner@fiestainsurance.com,mfaulkner@fiestainsurance.com,fiestaTX043@fiestainsurance.com,7
TX045,25-Jul-18,158.64,0.00,,,0.00,0.00,,0.00,,0.00,0.00,0.00,0.00,,,fiestatx045@fiestainsurance.com,fiestatx045@fiestainsurance.com,acc@fiestainsurance.com,acc_tx@fiestainsurance.com,mfaulkner@fiestainsurance.com,mfaulkner@fiestainsurance.com,fiestaTX045@fiestainsurance.com,7
TX046,25-Jul-18,340.90,0.00,,,0.00,0.00,,0.00,,0.00,0.00,0.00,0.00,,,fiestatx046@fiestainsurance.com,fiestatx046@fiestainsurance.com,acc@fiestainsurance.com,acc_tx@fiestainsurance.com,mfaulkner@fiestainsurance.com,mfaulkner@fiestainsurance.com,fiestaTX046@fiestainsurance.com,7
TX047,25-Jul-18,61.00,0.00,,,0.00,0.00,,0.00,,0.00,0.00,0.00,0.00,,,fiestatx047@fiestainsurance.com,fiestatx047@fiestainsurance.com,acc@fiestainsurance.com,acc_tx@fiestainsurance.com,mfaulkner@fiestainsurance.com,mfaulkner@fiestainsurance.com,fiestaTX047@fiestainsurance.com,7
TN002,25-Jul-18,228.12,0.00,,,145.00,0.00,,0.00,,0.00,0.00,0.00,0.00,,,fiestatn002@fiestainsurance.com,fiestatn002a@fiestainsurance.com,acc@fiestainsurance.com,acc_tn@fiestainsurance.com,mfaulkner@fiestainsurance.com,mfaulkner@fiestainsurance.com,fiestaTN002@fiestainsurance.com,7
